{"options":{"check_for_updates":false,"comment":null,"compat_foreach":false,"compat_metadata":false,"compat_powerful_this":null,"compat_wrappedjsobject":false,"compatopts_for_requires":true,"noframes":false,"override":{"merge_connects":true,"merge_excludes":true,"merge_includes":true,"merge_matches":true,"orig_connects":[],"orig_excludes":[],"orig_includes":[],"orig_matches":["*://forcus.hanjin.co.kr/*"],"orig_noframes":null,"orig_run_at":"document-start","use_blockers":[],"use_connects":[],"use_excludes":[],"use_includes":[],"use_matches":[]},"run_at":"document-start","sandbox":null,"tab_types":null,"unwrap":true},"settings":{"enabled":true,"position":1},"meta":{"name":"Hanjin-Limitless","uuid":"d2966298-34a4-4be1-9eba-f87e90ac4b08","modified":1655873797708}}