{"autoReload":true,"configMode":100,"connect_mode":"ask","debug":false,"default_tab_types":"incognito+normal","downloads_extension_whitelist":["/^[^\\.]*$/","/\\.(mp[34a]|m4[ab]|m3u|wma|wav|aac|og[ag]|cda|flac)$/","/\\.(avi|mkv|flv|divx|mpe?g|webm)$/","/\\.(ico|gif|png|jpe?g|webp)/","/\\.(srt|sub|idx)$/",".txt",".iso",".zip","/\\.r(ar|[0-9]{2,2})$/"],"downloads_mode":"off","editor_autoLint":true,"editor_autoLintMaxLen":"1000000","editor_autoSave":false,"editor_easySave":true,"editor_electricChars":true,"editor_enabled":true,"editor_fontSize":"100","editor_highlightSelectionMatches":"cursor","editor_highlightTrailingWhitespace":true,"editor_indentUnit":"4","editor_indentWithTabs":"spaces","editor_keyMap":"windows","editor_lineWrapping":false,"editor_linter_config":null,"editor_tabMode":"indent","editor_tabSize":"4","editor_theme":"default","editor_trimTrailingSpacesFromModifiedLines":true,"external_connect":"all","external_update_interval":0,"forbiddenPages":["*example.org/*","*paypal.tld/*","*stripe.com/*","https://*deutsche-bank-24.tld/*","https://*bankofamerica.tld/*","/^.*:\\/\\/apis\\.google\\.com\\/((?!render)([^\\/]+)\\/)+([^\\/]+)?$/","*://www.facebook.com/plugins/*","*://platform.twitter.com/widgets/*"],"incognito_mode":"temporary","logLevel":60,"notification_silentScriptUpdate":false,"page_filter_mode":"off","page_whitelist":["/https?:\\/\\/greasyfork\\.org\\/.*/","http://xkcd.com/970/"],"require_blacklist":["/^https?:\\/\\/example.com(:[0-9]{1,5})?\\/.*/"],"require_sri_mode":"supported","runtime_inject_mode":"default","runtime_strict_mode":"off","runtime_top_level_await":"on","sandbox_mode":"default","script_blacklist_server":[{"rules":["/https?:\\/\\/userscripts\\.org\\/scripts\\/(source|version)/(102614).*\\.user\\.js/"],"severity":"2"},{"name":"SaveFrom.net helper","reason":"Shows advertisements","rules":["/https?:\\/\\/sf-addon\\.com\\/.*\\/.*\\.user\\.js/","/https?:\\/\\/.*\\.sf-helper\\.com\\/.*\\.user\\.js/"],"severity":"3"},{"reasons":{"en":"Used for a phishing compain to compromise users of baon-nutrition.com"},"rules":["/https?:\\/\\/files\\.ulysse\\.travel\\/.*\\.user\\.js/"],"severity":"8"}],"script_blacklist_severity":"10","script_blacklist_type":"off","script_include_mode":"unsafe","showFixedSrc":true,"statistics_enabled":false,"trash_mode":"on","userscript_search_mode":"action_menu","webrequest_fixCSP":"yes","webrequest_modHeaders":"yes"}